City ID,City,Lat,Lng,Max Temp,Humidity,Cloudiness,Wind Speed,Country,Data
0,ushuaia,-54.8,-68.3,46.4,76,90,11.5,AR,1614014884
1,hilo,19.7297,-155.09,68.0,83,75,5.75,US,1614014977
2,mana,5.6592,-53.7767,81.3,71,98,11.39,GF,1614014977
3,rikitea,-23.1203,-134.9692,78.84,70,88,7.11,PF,1614014978
4,ilulissat,69.2167,-51.1,28.4,46,20,18.41,GL,1614014978
5,namibe,-15.1961,12.1522,73.78,67,0,11.36,AO,1614014978
6,hobart,-42.8794,147.3294,48.2,61,0,6.91,AU,1614014812
7,thompson,55.7435,-97.8558,24.8,93,90,11.5,CA,1614014786
8,vao,-22.6667,167.4833,79.38,79,9,15.86,NC,1614014979
9,tiksi,71.6872,128.8694,-29.92,97,35,8.61,RU,1614014979
10,tuatapere,-46.1333,167.6833,57.0,95,100,1.99,NZ,1614014980
11,clyde river,70.4692,-68.5914,-9.4,77,75,5.75,CA,1614014980
12,san quintin,30.4833,-115.95,64.11,29,0,1.74,MX,1614014980
13,shakawe,-18.3667,21.85,72.34,85,22,2.42,BW,1614014981
14,longyearbyen,78.2186,15.6401,26.6,68,40,17.27,SJ,1614014981
15,ribeira grande,38.5167,-28.7,64.4,88,75,29.93,PT,1614014981
16,nanortalik,60.1432,-45.2371,25.81,91,66,9.98,GL,1614014981
17,punta arenas,-53.15,-70.9167,53.6,66,75,34.52,CL,1614014981
18,dalbandin,28.8947,64.4101,67.17,29,31,1.34,PK,1614014982
19,tasiilaq,65.6145,-37.6368,28.4,93,90,3.27,GL,1614014982
20,port alfred,-33.5906,26.891,71.01,88,8,7.0,ZA,1614014982
21,albany,42.6001,-73.9662,33.01,55,100,7.0,US,1614014687
22,abu dhabi,24.4667,54.3667,73.4,73,0,4.61,AE,1614014858
23,lorengau,-2.0226,147.2712,81.59,80,36,8.08,PG,1614014983
24,jamestown,42.097,-79.2353,36.0,93,90,9.22,US,1614014758
25,yulara,-25.2406,130.9889,78.8,29,40,12.66,AU,1614014983
26,fairview,40.8126,-73.999,35.01,86,90,13.2,US,1614014822
27,corinto,37.9407,22.9573,55.4,54,20,6.91,GR,1614014984
28,hovd,48.0056,91.6419,24.4,43,0,7.27,MN,1614014984
29,ustye,59.6304,39.736,-17.9,94,0,5.73,RU,1614014984
30,busselton,-33.65,115.3333,68.0,74,0,9.4,AU,1614014985
31,alice springs,-23.7,133.8833,78.8,27,19,12.66,AU,1614014985
32,altay,47.8667,88.1167,23.04,97,100,3.8,CN,1614014985
33,mataura,-46.1927,168.8643,57.0,95,100,1.99,NZ,1614014985
34,butaritari,3.0707,172.7902,80.71,78,97,13.94,KI,1614014985
35,mandla,22.6,80.3833,66.74,24,18,2.59,IN,1614014760
36,bambous virieux,-20.3428,57.7575,81.0,83,40,11.5,MU,1614014986
37,alofi,-19.0595,-169.9187,77.0,88,75,9.22,NU,1614014986
38,shimanovsk,52.0,127.7,-15.36,84,0,9.62,RU,1614014987
39,santa isabel do rio negro,-0.4139,-65.0192,83.95,84,28,3.85,BR,1614014987
40,barrow,71.2906,-156.7887,-27.4,75,20,5.75,US,1614014703
41,poquoson,37.1224,-76.3458,57.0,67,75,17.27,US,1614014888
42,cape town,-33.9258,18.4232,71.01,56,0,17.27,ZA,1614014707
43,sitka,57.0531,-135.33,35.6,87,90,5.75,US,1614014988
44,te anau,-45.4167,167.7167,56.16,80,100,3.27,NZ,1614014988
45,karratha,-20.7377,116.8463,87.93,49,81,8.57,AU,1614014989
46,aklavik,68.2191,-135.0107,-16.6,76,100,1.14,CA,1614014989
47,hervey bay,-25.2986,152.8535,77.0,89,18,5.1,AU,1614014989
48,cap malheureux,-19.9842,57.6142,81.0,79,5,5.01,MU,1614014989
49,iqaluit,63.7506,-68.5145,1.4,71,90,6.98,CA,1614014990
50,churapcha,62.0025,132.4325,-33.59,83,85,3.22,RU,1614014990
51,saint-philippe,-21.3585,55.7679,82.4,74,75,6.91,RE,1614014990
52,atuona,-9.8,-139.0333,78.84,78,59,14.07,PF,1614014990
53,coro,11.4045,-69.6734,84.06,56,46,14.52,VE,1614014991
54,tawau,4.2498,117.8871,77.0,88,20,3.44,MY,1614014991
55,mahebourg,-20.4081,57.7,80.6,83,40,11.5,MU,1614014949
56,bengkulu,-3.8004,102.2655,78.31,85,91,3.96,ID,1614014992
57,aden,12.7794,45.0367,76.6,73,28,10.74,YE,1614014908
58,norman wells,65.282,-126.8329,-38.2,74,20,3.67,CA,1614014992
59,rabat,33.9911,-6.8401,61.0,55,40,4.61,MA,1614014993
60,bud,39.447,-86.1758,36.0,84,70,14.23,US,1614014993
61,portland,45.5234,-122.6762,50.0,81,90,19.57,US,1614014808
62,kibre mengist,5.8833,38.9833,65.08,48,100,2.15,ET,1614014993
63,tura,25.5198,90.2201,64.65,27,38,1.14,IN,1614014994
64,basoko,1.2391,23.616,84.42,52,46,0.2,CD,1614014994
65,meulaboh,4.1363,96.1285,77.59,87,100,4.68,ID,1614014994
66,nyurba,63.2842,118.3319,-31.45,98,35,2.62,RU,1614014994
67,mangaratiba,-22.9597,-44.0406,84.2,65,75,14.97,BR,1614014762
68,mecca,21.4267,39.8261,73.81,53,78,9.13,SA,1614014826
69,komsomolskiy,40.4272,71.7189,44.6,76,100,1.83,UZ,1614014995
70,erdenet,49.0333,104.0833,3.72,85,35,4.54,MN,1614014969
71,saskylakh,71.9167,114.0833,-30.23,83,33,2.64,RU,1614014996
72,zhigalovo,54.8097,105.1578,-0.78,95,100,3.58,RU,1614014996
73,marzuq,14.4,46.4667,64.74,72,8,6.82,YE,1614014996
74,salvador,13.8333,-88.9167,91.4,54,0,8.05,SV,1614014793
75,jiwani,25.05,61.7417,73.24,70,0,12.62,PK,1614014997
76,buala,-8.145,159.5921,79.34,84,100,7.18,SB,1614014997
77,ukiah,39.1502,-123.2078,53.01,81,1,1.48,US,1614014846
78,puerto ayora,-0.7393,-90.3518,84.2,74,40,16.11,EC,1614014998
79,los llanos de aridane,28.6585,-17.9182,69.8,73,75,6.91,ES,1614014835
80,kavieng,-2.5744,150.7967,82.33,77,32,8.48,PG,1614014998
81,georgetown,5.4112,100.3354,82.0,53,20,2.3,MY,1614014998
82,airai,-8.9266,125.4092,60.57,95,99,2.39,TL,1614014999
83,flinders,-34.5833,150.8552,66.99,72,67,5.01,AU,1614014999
84,kyren,51.6828,102.1408,10.96,72,85,2.73,RU,1614015000
85,faanui,-16.4833,-151.75,81.64,74,90,10.83,PF,1614015000
86,narsaq,60.9167,-46.05,26.6,31,20,12.66,GL,1614015000
87,olga,43.7444,135.2892,15.22,61,4,14.05,RU,1614015002
88,cabo san lucas,22.8909,-109.9124,75.99,68,20,5.75,MX,1614014992
89,ruidoso,33.3317,-105.673,44.01,24,1,14.97,US,1614015005
90,nabire,-3.3667,135.4833,73.81,91,100,2.75,ID,1614015006
91,coihaique,-45.5752,-72.0662,59.0,44,40,14.97,CL,1614015007
92,vila,42.0304,-8.1588,52.0,69,31,10.0,PT,1614015008
93,arimalam,10.2667,78.9,77.0,83,20,5.75,IN,1614015008
94,ponta do sol,32.6667,-17.1,64.99,76,49,3.0,PT,1614015009
95,lavrentiya,65.5833,-171.0,-16.35,83,15,2.59,RU,1614015009
96,kropotkin,45.4375,40.5756,33.01,90,100,20.02,RU,1614015009
97,severomuysk,56.1481,113.4267,-28.01,86,11,1.95,RU,1614015010
98,pisco,-13.7,-76.2167,78.01,73,0,11.5,PE,1614015010
99,upernavik,72.7868,-56.1549,-10.25,86,45,10.56,GL,1614015011
100,caravelas,-17.7125,-39.2481,84.78,62,79,11.34,BR,1614015012
101,ostrovnoy,68.0531,39.5131,-7.82,86,0,15.08,RU,1614015013
102,maniitsoq,65.4167,-52.9,22.84,97,74,15.77,GL,1614015013
103,hermanus,-34.4187,19.2345,68.0,63,0,3.0,ZA,1614015013
104,kahului,20.8947,-156.47,69.01,72,1,6.91,US,1614015014
105,fort-shevchenko,44.5086,50.263,36.14,96,100,31.36,KZ,1614015014
106,carnarvon,-24.8667,113.6333,80.6,83,75,12.66,AU,1614015015
107,waterloo,43.4668,-80.5164,33.8,93,90,18.41,CA,1614014815
108,arraial do cabo,-22.9661,-42.0278,82.4,74,40,13.8,BR,1614015015
109,zhigansk,66.7697,123.3711,-28.39,85,95,4.92,RU,1614015015
110,bisira,8.5196,-81.7115,70.14,53,52,9.19,PA,1614015016
111,lagos,6.5833,3.75,82.09,68,10,8.61,NG,1614015016
112,new norfolk,-42.7826,147.0587,45.0,71,0,3.31,AU,1614015017
113,mar del plata,-38.0023,-57.5575,73.99,40,0,10.36,AR,1614015017
114,teguise,29.0605,-13.564,68.0,64,20,3.44,ES,1614015018
115,husavik,66.0449,-17.3389,35.6,69,75,8.05,IS,1614015018
116,chara,56.9064,118.2631,-25.65,68,3,1.07,RU,1614015018
117,faya,18.3851,42.4509,60.8,88,0,6.91,SA,1614015019
118,murdochville,48.9583,-65.5006,24.8,68,69,16.11,CA,1614015019
119,tautira,-17.7333,-149.15,78.8,73,40,2.3,PF,1614015019
120,chissamba,-12.1667,17.3333,64.35,91,100,7.47,AO,1614015020
121,beisfjord,68.3751,17.5988,28.4,69,75,6.91,NO,1614015021
122,vaini,-21.2,-175.2,75.2,88,20,8.05,TO,1614014801
123,chuy,-33.6971,-53.4616,84.11,53,0,5.01,UY,1614015021
124,dingle,10.9995,122.6711,73.8,93,12,1.83,PH,1614015021
125,ilhabela,-23.7781,-45.3581,77.94,82,61,6.22,BR,1614015022
126,tuktoyaktuk,69.4541,-133.0374,-9.4,77,90,12.66,CA,1614015022
127,miquelon,47.0975,-56.3814,32.0,55,20,27.63,PM,1614015022
128,buraydah,26.326,43.975,59.0,82,40,14.97,SA,1614015023
129,chopinzinho,-25.8558,-52.5233,86.32,48,32,2.33,BR,1614015023
130,mutoko,-17.397,32.2268,65.88,90,100,5.03,ZW,1614015024
131,shimoda,34.6667,138.95,55.0,55,0,3.0,JP,1614015024
132,constitucion,-35.3333,-72.4167,67.44,54,2,17.74,CL,1614015024
133,hambantota,6.1241,81.1185,78.17,83,81,14.52,LK,1614014888
134,codrington,-38.2667,141.9667,53.71,70,12,10.33,AU,1614015025
135,wanning,18.8003,110.3967,66.22,89,98,2.26,CN,1614015025
136,qaanaaq,77.484,-69.3632,-8.55,69,0,5.91,GL,1614015025
137,khowst,33.3833,69.8833,54.91,60,39,1.66,AF,1614015026
138,tingo maria,-9.2895,-76.0088,75.2,78,75,2.3,PE,1614015026
139,chokurdakh,70.6333,147.9167,-34.76,96,32,7.23,RU,1614015027
140,dikson,73.5069,80.5464,-2.65,93,100,10.07,RU,1614015027
141,cidreira,-30.1811,-50.2056,80.19,67,3,14.9,BR,1614015027
142,stornoway,58.2093,-6.3865,46.4,87,75,19.57,GB,1614015028
143,sinegorye,62.0788,150.477,-21.91,90,98,1.25,RU,1614015028
144,methoni,36.8197,21.7049,55.99,76,0,10.58,GR,1614015029
145,bredasdorp,-34.5322,20.0403,66.2,59,0,6.91,ZA,1614015029
146,dali,25.7,100.1833,49.64,53,1,4.61,CN,1614014959
147,sterling heights,42.5803,-83.0302,36.0,86,90,17.27,US,1614015010
148,napier,-39.4833,176.9167,57.0,94,20,4.83,NZ,1614015031
149,moranbah,-22.0016,148.0466,77.83,68,33,7.96,AU,1614015031
150,celestun,20.8667,-90.4,80.47,62,31,7.76,MX,1614015032
151,sicamous,50.8331,-118.9856,39.2,75,90,2.3,CA,1614015003
152,lysa hora,48.1706,31.1099,29.28,96,75,7.02,UA,1614015032
153,gimli,50.6336,-96.9907,41.0,56,40,11.5,CA,1614015033
154,henties bay,-22.116,14.2845,63.0,86,50,3.0,NA,1614015033
155,castro,-24.7911,-50.0119,79.32,42,0,4.05,BR,1614014902
156,kovur,14.4833,79.9833,73.74,85,36,4.72,IN,1614015034
157,pechenga,69.5259,31.1703,-0.4,78,75,20.71,RU,1614015034
158,san juan,-31.5375,-68.5364,84.85,28,0,19.64,AR,1614015034
159,najran,17.4924,44.1277,75.2,25,20,9.22,SA,1614015035
160,yining,29.0361,114.5636,60.12,82,0,2.39,CN,1614015035
161,torbay,47.6666,-52.7314,24.01,66,75,10.0,CA,1614015036
162,derzhavinsk,51.1,66.3167,-3.15,92,100,9.64,KZ,1614015036
163,shabo,46.1326,30.386,39.2,87,5,6.71,UA,1614015036
164,khatanga,71.9667,102.5,-29.96,97,100,9.91,RU,1614015036
165,nantucket,41.2835,-70.0995,39.2,81,75,14.97,US,1614014872
166,skegness,53.1436,0.3363,48.2,87,75,3.44,GB,1614014854
167,rio branco,-9.9747,-67.81,80.6,74,75,2.3,BR,1614014983
168,hithadhoo,-0.6,73.0833,82.49,74,93,14.07,MV,1614015038
169,ipora,-16.4419,-51.1178,78.06,79,96,4.21,BR,1614014978
170,zhezkazgan,47.8043,67.7144,13.44,94,100,11.88,KZ,1614015039
171,port hardy,50.6996,-127.4199,41.0,93,40,4.61,CA,1614015003
172,kaeng khoi,14.5862,100.9976,81.0,60,69,7.11,TH,1614015040
173,victoria,22.2855,114.1577,69.01,67,24,3.29,HK,1614015040
174,alyangula,-13.8483,136.4192,77.0,100,75,4.61,AU,1614015040
175,yellowknife,62.456,-114.3525,-17.0,69,75,2.3,CA,1614015041
176,kulhudhuffushi,6.6221,73.07,82.04,69,94,6.06,MV,1614015042
177,la canada flintridge,34.1992,-118.1879,68.0,20,1,5.68,US,1614015042
178,vardo,70.3705,31.1107,8.6,85,90,43.73,NO,1614015042
179,dubbo,-32.25,148.6167,64.4,48,0,9.22,AU,1614014961
180,korla,41.7597,86.1469,41.95,54,100,14.7,CN,1614015043
181,barra do garcas,-15.89,-52.2567,86.23,65,66,3.27,BR,1614015043
182,klaksvik,62.2266,-6.589,42.8,87,20,6.91,FO,1614015043
183,pevek,69.7008,170.3133,-19.48,97,100,5.88,RU,1614015043
184,kapaa,22.0752,-159.319,73.4,78,75,16.11,US,1614015044
185,port victoria,0.0939,33.9756,72.21,69,100,1.97,KE,1614015044
186,katsuura,35.1333,140.3,63.0,51,20,13.8,JP,1614015044
187,eydhafushi,5.1033,73.0708,82.17,75,100,8.5,MV,1614015044
188,saint anthony,45.0205,-93.218,37.0,64,40,10.36,US,1614015045
189,lompoc,34.6391,-120.4579,59.0,50,1,6.91,US,1614014865
190,comodoro rivadavia,-45.8667,-67.5,69.8,35,0,11.5,AR,1614015046
191,cockburn town,21.4612,-71.1419,78.8,69,75,20.71,TC,1614015046
192,sawtell,-30.3833,153.1,73.4,88,90,5.75,AU,1614015047
193,genhe,50.7833,121.5167,-19.7,86,45,2.91,CN,1614015047
194,polunochnoye,60.8697,60.4153,-33.79,84,6,3.89,RU,1614015047
195,makakilo city,21.3469,-158.0858,73.4,83,1,3.44,US,1614015048
196,barcelos,41.5388,-8.6151,59.0,67,20,10.36,PT,1614014856
197,tual,-5.6667,132.75,82.2,80,100,24.0,ID,1614015049
198,tabou,4.423,-7.3528,80.46,83,8,7.7,CI,1614015049
199,la ronge,55.1001,-105.2842,30.2,69,98,12.66,CA,1614015049
200,wladyslawowo,54.7909,18.4009,42.8,70,0,3.44,PL,1614015049
201,east london,-33.0153,27.9116,71.6,83,40,11.5,ZA,1614015049
202,sao joao da barra,-21.6403,-41.0511,71.6,94,75,18.41,BR,1614015050
203,lebu,-37.6167,-73.65,61.63,64,0,15.93,CL,1614014813
204,katobu,-4.9408,122.5276,76.12,91,89,4.43,ID,1614015050
205,taltal,-25.4,-70.4833,69.3,71,32,5.99,CL,1614015050
206,burlatskoye,45.0564,43.635,35.8,94,100,22.48,RU,1614015050
207,tessalit,20.1986,1.0114,79.7,8,0,9.22,ML,1614015050
208,cherskiy,68.75,161.3,-34.98,97,38,5.48,RU,1614015050
209,vila velha,-20.3297,-40.2925,87.01,74,40,13.8,BR,1614014975
210,dauphin,51.1494,-100.0502,39.2,70,75,18.41,CA,1614015051
211,calatagan,13.8833,120.65,77.4,84,100,9.69,PH,1614015051
212,souillac,-20.5167,57.5167,80.6,83,40,11.5,MU,1614015051
213,tateyama,34.9833,139.8667,63.0,51,20,13.8,JP,1614015051
214,saldanha,-33.0117,17.9442,68.0,56,0,19.57,ZA,1614015051
215,naze,28.3667,129.4833,62.71,87,94,7.47,JP,1614015051
216,mancio lima,-7.6142,-72.8958,80.6,83,75,1.14,BR,1614015051
217,drayton valley,53.2168,-114.9854,34.0,66,1,8.01,CA,1614015052
218,bjornevatn,69.6672,29.9847,-0.4,78,75,20.71,NO,1614015052
219,vestmannaeyjar,63.4427,-20.2734,39.2,93,75,17.27,IS,1614015052
220,cairns,-16.9167,145.7667,75.2,94,100,4.74,AU,1614014759
221,puerto leguizamo,-0.1934,-74.7819,92.77,43,49,4.03,CO,1614015052
222,nador,35.174,-2.9287,59.0,58,20,14.97,MA,1614015052
223,sungairaya,0.7,108.9,76.28,87,100,9.15,ID,1614015053
224,muriwai beach,-36.8167,174.45,69.01,85,88,1.01,NZ,1614015053
225,ahuimanu,21.4447,-157.8378,73.4,73,20,13.8,US,1614015053
226,biak,-0.9131,122.8766,77.34,82,100,5.79,ID,1614015053
227,ndele,8.4109,20.6473,80.26,18,29,3.49,CF,1614015053
228,puri,19.8,85.85,73.4,68,25,3.44,IN,1614015053
229,sioux city,42.5,-96.4003,41.0,65,1,3.44,US,1614014811
230,bartica,6.4,-58.6167,87.8,58,40,11.5,GY,1614015053
231,peniche,39.3558,-9.3811,61.0,55,16,8.99,PT,1614015054
232,el cobre,20.0489,-75.9469,82.4,65,40,12.66,CU,1614015054
233,williams lake,52.1415,-122.1445,35.01,74,20,4.61,CA,1614015003
234,bethel,41.3712,-73.414,35.01,88,100,1.01,US,1614014794
235,shaowu,27.3409,117.4831,61.79,81,84,2.19,CN,1614015054
236,avera,33.194,-82.5271,57.2,89,90,6.91,US,1614015054
237,bluff,-46.6,168.3333,57.0,94,100,3.0,NZ,1614015054
238,mendi,-6.1761,143.6513,57.45,100,100,1.01,PG,1614015054
239,talnakh,69.4865,88.3972,-34.53,94,2,2.82,RU,1614015054
240,mastic beach,40.7668,-72.8521,39.99,81,90,11.5,US,1614015055
241,assiniboia,49.6334,-105.9845,35.6,80,99,21.85,CA,1614015055
242,half moon bay,37.4636,-122.4286,59.0,44,1,17.27,US,1614014828
243,ahipara,-35.1667,173.1667,65.37,84,99,8.55,NZ,1614015055
244,kodiak,57.79,-152.4072,21.2,58,1,23.02,US,1614015004
245,bathsheba,13.2167,-59.5167,84.2,54,75,24.16,BB,1614015056
246,itarema,-2.9248,-39.9167,86.32,64,15,17.78,BR,1614015056
247,tucuman,-26.8241,-65.2226,87.8,66,20,5.75,AR,1614015014
248,shagonar,51.5333,92.8,10.87,92,98,4.47,RU,1614015056
249,clifton springs,-38.15,144.5667,51.8,87,22,10.36,AU,1614015056
250,la union,-5.4,-80.75,90.68,33,37,12.66,PE,1614015056
251,pangnirtung,66.1451,-65.7125,-4.0,65,75,6.91,CA,1614015056
252,santa isabel,-23.3156,-46.2214,84.2,54,75,6.91,BR,1614015056
253,zeya,53.75,127.2667,-20.34,82,3,5.21,RU,1614015057
254,kenitra,34.261,-6.5802,60.8,59,40,4.61,MA,1614015057
255,raton,36.9034,-104.4391,42.8,26,1,9.22,US,1614015057
256,kaeo,-35.1,173.7833,68.0,90,100,8.99,NZ,1614015057
257,samarai,-10.6167,150.6667,82.62,78,98,6.98,PG,1614015057
258,new richmond,45.123,-92.5366,37.0,64,1,9.22,US,1614015034
259,numan,9.4667,12.0333,85.39,12,93,2.53,NG,1614015058
260,areka,7.0667,37.7,64.74,75,100,4.23,ET,1614015058
261,san patricio,28.017,-97.5169,73.4,40,1,14.97,US,1614015058
262,honghu,29.8206,113.4621,63.16,56,52,8.1,CN,1614015058
263,grand gaube,-20.0064,57.6608,81.0,79,4,5.01,MU,1614015058
264,port elizabeth,-33.918,25.5701,71.6,78,40,13.8,ZA,1614014980
265,dunedin,-45.8742,170.5036,59.0,89,100,1.99,NZ,1614015058
266,saint george,37.1041,-113.5841,50.0,31,1,2.19,US,1614014800
267,bilibino,68.0546,166.4372,-32.78,99,97,1.34,RU,1614015059
268,mao,39.8885,4.2658,53.6,94,20,5.75,ES,1614015059
269,fortuna,40.5982,-124.1573,48.99,93,90,5.75,US,1614015059
270,geraldton,-28.7667,114.6,69.8,83,0,4.61,AU,1614015059
271,jitra,6.2681,100.4217,73.4,73,20,3.44,MY,1614015059
272,ganganagar,29.9167,73.8833,70.99,21,0,4.92,IN,1614015060
273,at-bashi,41.1702,75.8106,17.38,87,99,1.86,KG,1614015060
274,nicolas bravo,18.45,-88.9167,82.4,69,40,6.08,MX,1614015060
275,anadyr,64.75,177.4833,-7.6,77,90,4.47,RU,1614015060
276,esperance,-33.8667,121.9,60.8,72,0,16.11,AU,1614015060
277,namatanai,-3.6667,152.4333,80.26,77,100,3.98,PG,1614015060
278,manaus,-3.1019,-60.025,87.8,70,40,8.05,BR,1614015060
279,galle,6.0367,80.217,78.76,80,100,3.74,LK,1614015061
280,uglovskoye,51.3557,80.1942,-5.69,92,88,3.15,RU,1614015061
281,sola,-13.8833,167.55,81.46,75,100,2.24,VU,1614015061
282,kerouane,9.2667,-9.0167,90.5,13,73,3.83,GN,1614015061
283,bima,-8.4667,118.7167,75.87,88,95,3.31,ID,1614015061
284,constantine,36.365,6.6147,59.0,51,75,4.61,DZ,1614014898
285,antsirabe,-19.85,47.0333,62.22,97,8,6.42,MG,1614015062
286,tra vinh,9.9347,106.3453,68.99,92,83,3.33,VN,1614014889
287,vila franca do campo,37.7167,-25.4333,66.0,88,40,24.16,PT,1614015062
288,okmulgee,35.6234,-95.9605,57.2,38,1,11.5,US,1614015062
289,herat,34.5,62.0,48.2,61,0,5.75,AF,1614015006
290,hays,30.0502,-98.0336,64.0,43,0,4.0,US,1614015062
291,sao filipe,14.8961,-24.4956,73.2,69,0,10.89,CV,1614015063
292,bahia honda,22.9036,-83.1592,82.11,61,16,6.55,CU,1614015063
293,myrtle beach,33.6891,-78.8867,64.0,88,93,14.97,US,1614015063
294,verkh-usugli,52.7,115.1667,-17.23,88,0,2.44,RU,1614015063
295,emmett,43.8735,-116.4993,39.99,76,79,4.0,US,1614015063
296,kaitangata,-46.2817,169.8464,63.0,93,100,1.01,NZ,1614015063
297,narasannapeta,18.4167,84.05,70.68,72,13,2.82,IN,1614015064
298,rabo de peixe,37.8,-25.5833,66.0,88,40,24.16,PT,1614015064
299,kamensk-uralskiy,56.4185,61.9329,-8.73,97,100,9.26,RU,1614014837
300,arrifes,37.7667,-25.7,66.0,88,40,24.16,PT,1614015064
301,san carlos,9.6612,-68.5827,98.38,29,50,1.07,VE,1614015064
302,borovskoy,53.8,64.15,-15.12,88,89,6.98,KZ,1614015064
303,port hueneme,34.1478,-119.1951,73.4,14,1,13.8,US,1614015064
304,avarua,-21.2078,-159.775,73.4,100,75,12.66,CK,1614015065
305,bibiani,6.4635,-2.3194,88.09,30,1,2.48,GH,1614015065
306,brigantine,39.4101,-74.3646,42.01,100,90,8.05,US,1614015042
307,iquitos,-3.7481,-73.2472,82.4,78,75,6.91,PE,1614015065
308,maarianhamina,60.0973,19.9348,26.6,93,90,12.66,AX,1614015065
309,kununurra,-15.7667,128.7333,77.0,91,100,8.05,AU,1614015065
310,krasnyy chikoy,50.3643,108.7512,-3.42,87,0,3.36,RU,1614015065
311,kaminoyama,38.1539,140.2736,46.99,75,81,8.86,JP,1614015066
312,tupik,54.4253,119.9327,-23.26,89,6,2.19,RU,1614015066
313,bourail,-21.5667,165.4833,76.62,89,8,4.45,NC,1614015026
314,edelira,-26.75,-55.2667,94.05,37,3,5.84,PY,1614015066
315,nizwa,22.9333,57.5333,68.4,35,0,5.23,OM,1614015066
316,necochea,-38.5473,-58.7368,71.01,47,1,10.0,AR,1614015066
317,ancud,-41.8697,-73.8203,59.0,55,75,6.91,CL,1614015066
318,san policarpo,12.1791,125.5072,81.07,84,22,12.46,PH,1614015067
319,bunia,1.5667,30.25,74.28,37,100,3.65,CD,1614015067
320,bulolo,-7.2,146.65,71.17,77,100,1.7,PG,1614014887
321,gat,31.61,34.7642,60.01,61,100,1.97,IL,1614015067
322,gohana,29.1333,76.7,65.8,23,0,5.53,IN,1614015067
323,ponta delgada,37.7333,-25.6667,66.0,88,40,24.16,PT,1614015067
324,hualmay,-11.0964,-77.6139,77.13,65,13,13.0,PE,1614015068
325,koundara,12.4833,-13.3,102.15,8,0,7.43,GN,1614015068
326,yuncheng,35.0231,110.9928,50.45,37,100,6.17,CN,1614015068
327,lipin bor,60.2622,37.9763,-17.41,88,0,6.08,RU,1614015068
328,tilichiki,60.4667,166.1,-18.71,87,0,10.16,RU,1614015068
329,kandrian,-6.2167,149.55,78.33,86,80,4.59,PG,1614015068
330,chapais,49.7834,-74.8492,23.0,74,40,13.8,CA,1614015069
331,mansoa,12.0733,-15.3189,100.4,14,0,5.75,GW,1614015069
332,savinka,50.0785,47.0994,-1.21,91,89,13.02,RU,1614015069
333,milkovo,54.7167,158.6167,10.78,95,100,0.78,RU,1614015069
334,vanimo,-2.6741,141.3028,75.33,87,100,6.91,PG,1614015069
335,iquique,-20.2208,-70.1431,75.2,46,0,17.27,CL,1614015070
336,ippy,6.2679,21.2247,80.44,19,33,2.53,CF,1614015070
337,bandarbeyla,9.4942,50.8122,76.84,74,93,14.92,SO,1614015070
338,konevo,62.1215,39.3192,-19.82,96,0,3.38,RU,1614015071
339,grindavik,63.8424,-22.4338,37.4,100,75,3.44,IS,1614015071
340,kasempa,-13.4584,25.8338,66.33,91,99,2.73,ZM,1614015071
341,linxia,35.6003,103.2064,38.86,62,56,0.78,CN,1614015071
342,watsa,3.0372,29.5355,73.18,36,55,1.99,CD,1614015071
343,saint-francois,46.4154,3.9054,60.8,59,0,6.91,FR,1614015071
344,amantea,39.1332,16.0746,57.2,77,0,12.66,IT,1614015072
345,sao felix do xingu,-6.6447,-51.995,87.37,59,74,2.3,BR,1614015072
346,rio grande,-32.035,-52.0986,88.0,66,40,5.75,BR,1614015008
347,kruisfontein,-34.0033,24.7314,71.01,74,0,5.99,ZA,1614015073
348,gravdal,68.1214,13.5031,37.4,81,75,8.05,NO,1614015073
349,kareli,22.9167,79.0667,66.16,24,2,1.77,IN,1614015073
350,salalah,17.0151,54.0924,77.0,73,0,4.61,OM,1614015073
351,amelia,42.5523,12.4182,55.0,93,0,6.91,IT,1614015063
352,jalu,29.0331,21.5482,59.38,52,0,9.73,LY,1614015073
353,davila,18.4726,120.5763,77.23,86,66,10.04,PH,1614015074
354,nikolskoye,59.7035,30.7861,8.6,61,69,15.66,RU,1614014812
355,severo-kurilsk,50.6789,156.125,29.3,97,100,6.55,RU,1614015074
356,bonnyville,54.2668,-110.735,35.6,80,75,9.22,CA,1614015008
357,mareeba,-17.0,145.4333,75.2,94,100,3.18,AU,1614015074
358,balkhash,46.844,74.9804,12.7,94,4,2.21,KZ,1614015074
359,verkhnevilyuysk,63.4453,120.3167,-33.57,83,1,2.71,RU,1614015075
360,luganville,-15.5333,167.1667,80.6,80,98,6.93,VU,1614015076
361,norsup,-16.0667,167.3833,81.16,81,99,9.53,VU,1614015076
362,chernyshevskiy,63.0128,112.4714,-32.03,86,97,1.19,RU,1614015076
363,kudat,6.8837,116.8477,77.0,83,20,3.44,MY,1614015076
364,wainwright,52.839,-110.8572,37.4,75,18,5.75,CA,1614015076
365,namie,37.4833,141.0,55.99,57,10,1.99,JP,1614015077
366,xining,36.6167,101.7667,34.88,62,0,1.21,CN,1614015077
367,port hedland,-20.3167,118.5667,87.8,55,72,10.36,AU,1614015077
368,barinas,8.6226,-70.2075,93.76,30,32,6.46,VE,1614015077
369,bahia blanca,-38.7196,-62.2724,80.69,18,21,11.3,AR,1614015077
370,manado,1.487,124.8455,77.0,94,20,5.66,ID,1614015077
371,san francisco,37.7749,-122.4194,62.6,55,20,4.61,US,1614014638
372,lara,-38.0167,144.4,51.8,87,19,10.36,AU,1614014971
373,ambilobe,-13.2,49.05,75.16,91,100,2.17,MG,1614015078
374,port lincoln,-34.7333,135.8667,58.89,69,34,12.86,AU,1614015078
375,ixtapa,20.7,-105.2,73.4,68,1,4.61,MX,1614015079
376,japura,-0.3167,102.35,73.22,87,86,2.35,ID,1614015063
377,tananger,58.9333,5.6,48.2,81,0,9.22,NO,1614015079
378,walvis bay,-22.9575,14.5053,64.4,72,0,6.91,NA,1614015079
379,bereda,43.2686,-7.5406,54.0,53,29,7.0,ES,1614015079
380,dmitrov,56.35,37.5167,-0.4,78,0,11.18,RU,1614015079
381,boddam,57.4667,-1.7833,46.4,57,50,8.05,GB,1614015079
382,lasa,46.6166,10.7002,50.0,57,0,3.44,IT,1614015080
383,sorland,67.667,12.6934,41.0,75,40,20.71,NO,1614015080
384,yumen,40.2833,97.2,33.39,50,62,17.83,CN,1614015080
385,namwala,-15.7504,26.4384,69.12,87,100,4.36,ZM,1614015080
386,florida,28.7505,-82.5001,78.8,53,40,3.44,US,1614014986
387,broken hill,-31.95,141.4333,59.0,51,0,17.27,AU,1614015080
388,jining,35.405,116.5814,41.18,59,100,7.0,CN,1614015080
389,srednekolymsk,67.45,153.6833,-34.08,97,3,2.64,RU,1614015081
390,bairiki,1.3292,172.9752,78.8,89,20,8.05,KI,1614015081
391,sosnovo-ozerskoye,52.5249,111.5418,-15.75,89,16,1.79,RU,1614015081
392,quelimane,-17.8786,36.8883,86.0,84,75,9.22,MZ,1614015081
393,harper,4.375,-7.7169,80.76,82,16,6.31,LR,1614015081
394,pimentel,-6.8367,-79.9342,82.4,51,0,17.27,PE,1614015081
395,rawson,-43.3002,-65.1023,71.6,30,2,12.44,AR,1614015081
396,iracoubo,5.4802,-53.2011,80.46,73,80,13.53,GF,1614015082
397,merauke,-8.4667,140.3333,81.09,80,100,3.47,ID,1614015082
398,takab,36.4009,47.1133,23.63,84,0,4.32,IR,1614014966
399,trinidad,-14.8333,-64.9,77.0,88,90,4.0,BO,1614015082
400,omsukchan,62.5333,155.8,-28.7,88,2,3.67,RU,1614015082
401,condado,21.8767,-79.8403,84.2,51,20,3.44,CU,1614015083
402,maragogi,-9.0122,-35.2225,83.57,65,8,10.87,BR,1614015013
403,tramore,52.1624,-7.1524,48.99,86,35,10.0,IE,1614015083
404,fuerte olimpo,-21.0415,-57.8738,99.81,30,0,5.77,PY,1614015083
405,roald,62.5833,6.1333,41.0,100,75,8.05,NO,1614015083
406,lakes entrance,-37.8811,147.981,54.0,80,20,1.01,AU,1614015084
407,svobodnyy,51.4,128.1333,-15.3,85,8,11.7,RU,1614015084
408,pitimbu,-7.4706,-34.8086,89.6,55,20,12.66,BR,1614015084
409,duki,30.1541,68.5728,63.36,28,10,5.01,PK,1614015033
410,xichang,27.8964,102.2634,50.79,60,0,2.19,CN,1614015084
411,charters towers,-20.1,146.2667,77.27,66,28,9.89,AU,1614015084
412,myanaung,18.2833,95.3167,75.34,48,32,0.85,MM,1614015084
413,lexington park,38.2668,-76.4538,44.01,93,90,11.5,US,1614015084
414,kiruna,67.8557,20.2251,8.6,78,90,14.97,SE,1614014830
415,lamu,-2.2717,40.902,78.4,84,98,13.02,KE,1614015085
416,camacari,-12.6975,-38.3242,86.0,66,40,13.8,BR,1614015062
417,balikpapan,-1.2675,116.8289,75.15,91,92,2.48,ID,1614015085
418,puerto carreno,6.189,-67.4859,97.21,32,13,8.68,CO,1614015085
419,colares,38.7992,-9.4469,60.01,72,40,12.66,PT,1614015085
420,garissa,-0.4536,39.6401,90.97,36,99,7.58,KE,1614015086
421,san cristobal,7.7669,-72.225,75.2,88,75,4.61,VE,1614015086
422,talladega,33.4359,-86.1058,57.2,82,90,6.62,US,1614015086
423,balakhta,55.38,91.6,3.25,93,100,7.07,RU,1614015086
424,raudeberg,61.9875,5.1352,44.01,92,100,12.93,NO,1614015087
425,mandalgovi,45.7625,106.2708,15.35,71,57,7.58,MN,1614015087
426,rundu,-17.9333,19.7667,70.47,85,43,6.71,NA,1614014844
427,quatre cocos,-20.2078,57.7625,81.0,83,40,11.5,MU,1614015088
428,flin flon,54.7682,-101.865,32.0,80,75,8.05,CA,1614015088
429,gorontalo,0.5412,123.0595,75.78,88,99,3.96,ID,1614015088
430,sena madureira,-9.0656,-68.6569,85.73,75,55,1.61,BR,1614015088
431,viking,53.1001,-111.7684,37.4,65,10,16.11,CA,1614015088
432,whitehorse,60.7161,-135.0538,1.4,78,75,4.61,CA,1614015008
433,hamilton,39.1834,-84.5333,37.99,75,90,17.27,US,1614014978
434,kangaatsiaq,68.3065,-53.4641,3.79,93,22,9.51,GL,1614015088
435,praia,14.9215,-23.5087,75.2,60,20,31.07,CV,1614015089
436,rapid city,44.0805,-103.231,53.6,32,1,18.41,US,1614015089
437,mount gambier,-37.8333,140.7667,50.0,76,40,5.75,AU,1614015090
438,kyzyl-suu,42.3414,78.0056,28.71,62,98,7.31,KG,1614015090
439,byron bay,-28.65,153.6167,71.6,88,75,3.44,AU,1614015090
440,provideniya,64.3833,-173.3,-12.59,91,36,2.93,RU,1614015090
441,channel-port aux basques,47.5702,-59.1367,26.44,93,84,19.73,CA,1614015090
442,mathathane,-22.2687,28.7495,77.58,65,36,17.56,BW,1614015090
443,hasaki,35.7333,140.8333,54.0,58,0,4.61,JP,1614015090
444,bani,18.2833,-70.3333,86.0,62,40,9.22,DO,1614015091
445,ballina,-28.8667,153.5667,71.6,88,75,3.44,AU,1614015091
446,todos santos,23.45,-110.2167,69.01,70,85,4.0,MX,1614015091
447,bam,29.106,58.357,59.47,32,14,2.8,IR,1614015092
448,prado,-17.3411,-39.2208,81.61,73,79,11.34,BR,1614015092
449,luderitz,-26.6481,15.1594,65.79,69,0,18.16,NA,1614015092
450,menomonie,44.8755,-91.9193,34.0,74,1,8.05,US,1614014971
451,san carlos de bariloche,-41.1456,-71.3082,69.01,38,0,24.16,AR,1614015092
452,brenham,30.1669,-96.3977,66.99,39,1,4.61,US,1614015029
453,forssa,60.8146,23.6215,16.0,88,100,3.0,FI,1614015092
454,palmer,42.1584,-72.3287,39.0,64,90,9.22,US,1614015093
455,kampong cham,11.9934,105.4635,72.72,74,85,12.55,KH,1614015008
456,kutum,14.2,24.6667,66.45,17,57,14.09,SD,1614015093
457,tahta,26.7693,31.5021,64.4,29,0,16.11,EG,1614015093
458,man,7.4125,-7.5538,87.55,32,77,1.88,CI,1614015093
459,isangel,-19.55,169.2667,78.35,81,97,11.88,VU,1614015093
460,hofn,64.2539,-15.2082,39.2,81,0,3.44,IS,1614015094
461,port blair,11.6667,92.75,78.04,72,23,4.99,IN,1614015094
462,gamba,-2.65,10.0,78.67,84,100,8.55,GA,1614015094
463,vanavara,60.34,102.2797,-9.22,91,100,1.12,RU,1614015095
464,bumba,2.1833,22.4667,83.55,44,40,2.75,CD,1614015095
465,nampula,-15.1165,39.2666,82.4,69,75,5.75,MZ,1614015095
466,timmins,48.4669,-81.3331,24.8,80,90,10.36,CA,1614014893
467,bucerias,20.75,-105.3333,73.4,68,1,4.61,MX,1614014811
468,erzin,36.9559,36.2,57.99,34,0,5.75,TR,1614015095
469,ulladulla,-35.35,150.4667,63.0,82,90,8.05,AU,1614015095
470,mount isa,-20.7333,139.5,80.6,65,54,6.91,AU,1614014932
471,jieshi,22.8134,115.8257,70.0,70,10,4.25,CN,1614015096
472,hobyo,5.3505,48.5268,78.22,74,69,16.98,SO,1614015096
473,petropavlovsk-kamchatskiy,53.0452,158.6483,21.2,68,93,4.47,RU,1614015096
474,asau,46.4333,26.4,43.0,50,1,5.77,RO,1614015096
475,taoudenni,22.6783,-3.9836,83.73,14,34,6.69,ML,1614015097
476,afsin,38.2477,36.914,25.9,84,0,2.15,TR,1614015097
477,indianola,41.3581,-93.5574,37.99,64,75,16.11,US,1614014879
478,kuytun,54.3419,101.5036,3.94,95,100,4.99,RU,1614015097
479,castrillon,43.3979,-6.7922,53.6,66,0,6.91,ES,1614015097
480,sakakah,29.9697,40.2064,57.2,33,0,13.8,SA,1614015097
481,ligayan,4.6533,119.4706,80.96,79,0,15.37,PH,1614015097
482,ariquemes,-9.9133,-63.0408,83.43,75,99,2.26,BR,1614015097
483,wum,6.3833,10.0667,72.9,23,69,2.19,CM,1614015098
484,jawhar,2.7809,45.5005,76.42,74,78,19.33,SO,1614015074
485,north bend,43.4065,-124.2243,50.0,93,90,10.36,US,1614015098
486,waingapu,-9.6567,120.2641,78.57,82,100,5.23,ID,1614015098
487,fort nelson,58.8053,-122.7002,-2.2,71,75,2.3,CA,1614015002
488,morwell,-38.2333,146.4,51.01,85,2,1.01,AU,1614015099
489,yarada,17.65,83.2667,69.8,88,0,2.3,IN,1614015099
490,kalaleh,37.3807,55.4916,46.4,87,90,4.61,IR,1614015099
491,pimenta bueno,-11.6725,-61.1936,85.51,68,91,4.14,BR,1614015099
492,esso,55.9333,158.7,10.02,96,100,3.67,RU,1614015099
493,lhokseumawe,5.1801,97.1507,77.5,82,100,4.12,ID,1614015099
494,college,64.8569,-147.8028,-24.0,98,40,1.36,US,1614015100
495,mahibadhoo,3.7833,72.9667,82.08,79,99,14.63,MV,1614015100
496,kloulklubed,7.0419,134.2556,77.0,94,75,13.24,PW,1614015100
497,rincon,32.296,-81.2354,75.2,46,20,19.57,US,1614015100
498,lagoa,39.05,-27.9833,60.93,89,98,32.97,PT,1614015100
499,guerrero negro,27.9769,-114.0611,69.44,18,73,3.2,MX,1614015012
500,ketchikan,55.3422,-131.6461,35.6,100,90,5.75,US,1614015100
501,la paz,-16.5,-68.15,57.2,38,75,14.97,BO,1614014837
502,fare,-16.7,-151.0167,81.81,73,99,9.62,PF,1614015101
503,ambunti,-4.2365,142.8448,71.98,99,100,1.23,PG,1614015101
504,taguatinga,-12.3857,-46.5711,86.18,58,94,2.82,BR,1614015101
505,na wa,17.4897,104.1006,82.99,49,88,8.55,TH,1614015101
506,saryg-sep,51.5,95.6,9.23,92,97,1.81,RU,1614015101
507,harindanga,22.0383,88.3214,73.4,68,68,7.09,IN,1614015102
508,mercedes,-34.6515,-59.4307,93.67,31,37,11.97,AR,1614015102
509,lucea,18.451,-78.1736,84.2,58,40,12.66,JM,1614015102
510,kalmunai,7.4167,81.8167,77.85,86,35,7.23,LK,1614015102
511,korop,51.5664,32.9586,32.86,97,100,8.46,UA,1614015102
512,acapulco,16.8634,-99.8901,82.4,61,40,5.75,MX,1614015102
513,baykit,61.67,96.37,-12.55,85,100,1.74,RU,1614015103
514,oxford,51.7522,-1.256,50.0,76,20,1.14,GB,1614015045
515,naduvattam,11.4833,76.5667,53.29,100,20,3.47,IN,1614015103
516,abu samrah,35.3029,37.1841,44.85,46,0,9.78,SY,1614015103
517,chicama,-7.8447,-79.1469,68.0,88,75,5.75,PE,1614015103
518,leningradskiy,69.3833,178.4167,-12.84,87,100,8.66,RU,1614015103
519,ilheus,-14.7889,-39.0494,82.4,78,40,6.91,BR,1614014902
520,maldonado,-34.6667,-54.9167,71.6,88,90,11.5,UY,1614015103
521,saint-joseph,-21.3667,55.6167,82.4,74,75,6.91,RE,1614015104
522,troitskoye,52.9821,84.6757,-4.83,90,99,4.88,RU,1614015104
523,sept-iles,50.2001,-66.3821,27.0,54,75,10.36,CA,1614015062
524,pangody,65.85,74.4859,-37.57,82,1,4.85,RU,1614015105
525,huancavelica,-12.7667,-74.9833,48.27,67,96,9.1,PE,1614015105
526,greenville,35.6127,-77.3663,62.6,63,40,24.16,US,1614015105
527,wonthaggi,-38.6044,145.5913,57.0,63,49,11.86,AU,1614015105
528,tashtagol,52.7657,87.8894,6.3,93,100,3.44,RU,1614015106
529,andenes,69.3143,16.1194,33.8,86,75,19.57,NO,1614015106
530,miandoab,36.9694,46.1027,26.6,86,0,1.63,IR,1614014941
531,save,8.0425,2.486,92.25,11,29,3.51,BJ,1614015106
532,yar-sale,66.8333,70.8333,-36.09,82,0,3.58,RU,1614015106
533,letnyaya stavka,45.4306,43.4472,34.92,97,100,22.68,RU,1614015106
534,kozhva,65.1073,57.0459,-32.21,96,2,1.52,RU,1614015106
535,valparaiso,-33.0393,-71.6273,68.0,56,0,6.91,CL,1614015107
536,mattru,7.6244,-11.8332,85.24,67,79,5.41,SL,1614015107
537,olafsvik,64.8945,-23.7142,35.37,84,99,9.04,IS,1614015107
538,baghdad,33.3406,44.4009,50.0,40,0,5.75,IQ,1614014902
539,praia da vitoria,38.7333,-27.0667,62.6,94,75,34.85,PT,1614015107
540,atar,20.5169,-13.0499,86.72,16,0,17.02,MR,1614015107
541,tarauaca,-8.1614,-70.7656,88.02,66,61,1.5,BR,1614015108
542,poum,-20.2333,164.0167,81.7,79,8,18.03,NC,1614015108
